{"cameraMode":{"drawMode":0,"name":"Shaded","section":"Shading Mode"},"sceneLighting":true,"audioPlay":false,"sceneViewState":{"showFog":true,"showMaterialUpdate":false,"showSkybox":true,"showFlares":true,"showImageEffects":true,"showParticleSystems":true},"in2DMode":false,"pivot":{"x":-2.679929256439209,"y":7.265354156494141,"z":-10.034906387329102},"rotation":{"x":-0.21331800520420075,"y":-0.24690335988998414,"z":0.05578029900789261,"w":-0.9436542391777039},"size":5.346124649047852,"orthographic":false}